Date,Year,Byproduct,Gross farm value,Net farm value,Wholesale value (cents per pound),Retail value (cents per pound)
Jan-70,1970,6,67.4,61.4,75.9,98.5
Feb-70,1970,6.4,69.8,63.4,75.6,98.3
Mar-70,1970,6.5,74,67.5,79.9,100.6
Apr-70,1970,6.5,73.4,66.9,79.2,101.1
May-70,1970,6.2,70.9,64.7,76.6,100.7
Jun-70,1970,6,72.5,66.5,78.2,99.8
Jul-70,1970,5.9,74.1,68.2,81.5,102
Aug-70,1970,6,71.7,65.7,79.1,101.7
Sep-70,1970,6,70.4,64.4,76.8,100.2
Oct-70,1970,6.1,69.1,63,74.6,99.3
Nov-70,1970,5.8,65.6,59.8,73.1,99.1
Dec-70,1970,5.3,64.1,58.8,71.5,98
Jan-71,1971,5.1,68.1,63,78.9,98.8
Feb-71,1971,5.9,76.1,70.2,84,102.9
Mar-71,1971,6,75.5,69.5,83.2,104
Apr-71,1971,6.1,76.9,70.8,85.2,105.8
May-71,1971,6.1,77.7,71.6,87.2,106.8
Jun-71,1971,6,76.7,70.7,85.2,107.6
Jul-71,1971,5.9,76.7,70.8,84.9,106.8
Aug-71,1971,5.9,78.4,72.5,87,107.7
Sep-71,1971,6,77.1,71.1,85.2,108
Oct-71,1971,6,76.5,70.5,83.6,107.2
Nov-71,1971,6.1,79.4,73.3,87.3,108.5
Dec-71,1971,6.2,81,74.8,90.4,110.8
Jan-72,1972,6.6,84.1,77.5,93,114
Feb-72,1972,7,85.4,78.4,93.1,118.4
Mar-72,1972,8.1,83.3,75.2,89.2,118.5
Apr-72,1972,8.5,82.1,73.6,87.2,114.6
May-72,1972,8.5,85,76.5,91.5,114.1
Jun-72,1972,8.7,89.8,81.1,96,116.3
Jul-72,1972,9.2,90.3,81.1,95.1,120.2
Aug-72,1972,9.8,84.2,74.4,88.6,118.7
Sep-72,1972,9.9,82.9,73,86.6,115.9
Oct-72,1972,10.9,83.5,72.6,86.2,115.8
Nov-72,1972,10.8,80.8,70,83.7,115.4
Dec-72,1972,10.1,88.4,78.3,93.1,117.8
Jan-73,1973,10.8,97.2,86.4,102,125.5
Feb-73,1973,11.8,103.6,91.8,108.1,134
Mar-73,1973,11.7,108.5,96.8,112,139.3
Apr-73,1973,11.5,107.2,95.7,112.5,140
May-73,1973,12.4,109.6,97.2,111.8,140.1
Jun-73,1973,12.9,112.1,99.2,114.4,139.6
Jul-73,1973,13.8,115.2,101.4,115.8,140.6
Aug-73,1973,14,129.3,115.3,126.3,148.7
Sep-73,1973,12.5,109.1,96.6,115.1,149.5
Oct-73,1973,11.7,99.4,87.7,104.6,140.4
Nov-73,1973,11.6,96,84.4,101.7,139.4
Dec-73,1973,10.9,95,84.1,105.4,138.9
Jan-74,1974,12.5,114.8,102.3,121,147.8
Feb-74,1974,11.6,111.5,99.9,122.8,155.1
Mar-74,1974,10.9,102.2,91.3,108.8,147.2
Apr-74,1974,10.3,100,89.7,107.3,141.2
May-74,1974,9.3,97.9,88.6,107.9,139.9
Jun-74,1974,8.4,91.4,83,101.8,136.9
Jul-74,1974,9.7,106.6,96.9,116.8,143
Aug-74,1974,10.9,114.8,103.9,120.4,148.7
Sep-74,1974,9.4,100.3,90.9,108.7,147
Oct-74,1974,8.7,96.4,87.7,105.5,142
Nov-74,1974,8,92.1,84.1,101.4,139.7
Dec-74,1974,7.3,90,82.7,98.9,137.3
Jan-75,1975,6.9,88.9,82,100.3,138.1
Feb-75,1975,6.5,85.2,78.7,95.6,134.2
Mar-75,1975,7.3,88.4,81.1,97.5,132.2
Apr-75,1975,8.8,105,96.2,114.3,139.4
May-75,1975,9.5,120.4,110.9,130.9,154
Jun-75,1975,9.9,127.5,117.6,139.2,164.5
Jul-75,1975,10.3,123.2,112.9,135.2,167.9
Aug-75,1975,10.2,113.8,103.6,126.7,162.2
Sep-75,1975,10.3,117.4,107.1,129.3,159.5
Oct-75,1975,10.4,114.4,104,123.1,159.1
Nov-75,1975,10.1,108.6,98.5,118.6,158
Dec-75,1975,9.8,110,100.2,119.3,157.4
Jan-76,1976,9.5,99.5,90,109.9,155.4
Feb-76,1976,8.9,93.4,84.5,102.1,149.2
Mar-76,1976,8.6,87.3,78.7,94.1,141.5
Apr-76,1976,11.4,105.1,93.7,109,148.6
May-76,1976,10.9,98.6,87.7,104.4,148.5
Jun-76,1976,10.7,97.8,87.1,103.2,147.5
Jul-76,1976,10.1,91.1,81,96,145
Aug-76,1976,9.9,89.6,79.7,94.6,142.4
Sep-76,1976,9.9,89,79.1,94.9,141
Oct-76,1976,10.2,91,80.8,96.3,140.2
Nov-76,1976,9.3,94.5,85.2,100.5,142.6
Dec-76,1976,9.9,96.4,86.5,103.5,146
Jan-77,1977,10.8,91.9,81.1,99.1,144.6
Feb-77,1977,10.8,91.5,80.7,97.5,141.6
Mar-77,1977,11.6,90.3,78.7,94.6,140.3
Apr-77,1977,12.6,97.2,84.6,100.1,141.1
May-77,1977,12.3,101.3,89,105.7,145.9
Jun-77,1977,11.2,97.2,86,103.3,144.8
Jul-77,1977,11.1,98.6,87.5,104.4,145.9
Aug-77,1977,11.1,96.1,85,102.5,146.9
Sep-77,1977,11,97.2,86.2,103.4,146.7
Oct-77,1977,11,101.8,90.8,108.4,149.4
Nov-77,1977,11.3,101,89.7,108.1,149.9
Dec-77,1977,11.4,104,92.6,111.8,153.1
Jan-78,1978,11.8,104.7,92.9,112.4,156.8
Feb-78,1978,11.9,108.5,96.6,116.5,159
Mar-78,1978,12.6,118.1,105.5,122.7,164.2
Apr-78,1978,13,127.5,114.5,133.2,173
May-78,1978,13.7,139.2,125.5,144.8,182.7
Jun-78,1978,14.1,134.6,120.5,141.3,191.9
Jul-78,1978,14.4,131.8,117.4,138,188.3
Aug-78,1978,15.6,125.8,110.2,130.5,186.1
Sep-78,1978,16.7,130.4,113.7,134.1,184.2
Oct-78,1978,16.8,130.2,113.4,133.7,184.4
Nov-78,1978,16.4,128.3,111.9,131.2,184.6
Dec-78,1978,16.2,134.4,118.2,138.4,190.3
Jan-79,1979,16.9,145.7,128.8,152.5,201.4
Feb-79,1979,19,156.8,137.8,159.6,211.6
Mar-79,1979,24.9,172.7,147.8,170.2,222.1
Apr-79,1979,26.7,181.4,154.7,176.6,228.8
May-79,1979,27,178.6,151.6,176.6,236.1
Jun-79,1979,24.1,166,141.9,167.8,229.6
Jul-79,1979,22.7,161.2,138.5,162.9,228.3
Aug-79,1979,21,151.4,130.4,154,217.1
Sep-79,1979,20.6,163.6,143,167.1,222.7
Oct-79,1979,19.6,157.3,137.7,160.6,220.5
Nov-79,1979,19,161.6,142.6,169.3,222.4
Dec-79,1979,18.8,163.9,145.1,171.4,228.6
Jan-80,1980,18.1,158.3,140.2,167.5,230.5
Feb-80,1980,16.7,162.4,145.7,170.2,230.8
Mar-80,1980,14.9,160.6,145.7,169.4,232.2
Apr-80,1980,14,152.8,138.8,163.2,229.3
May-80,1980,13,156.2,143.2,167.6,226.5
Jun-80,1980,14,160.7,146.7,172.2,226.7
Jul-80,1980,16.6,170.8,154.2,179.7,233.8
Aug-80,1980,18.5,174.5,156,182.1,238.1
Sep-80,1980,17.3,168,150.7,176.3,240.7
Oct-80,1980,17.3,163.2,145.9,172.4,237.5
Nov-80,1980,18.1,158,139.9,166.8,238.2
Dec-80,1980,16.8,157.4,140.6,165.5,238.8
Jan-81,1981,15.8,154.5,138.7,165.7,235.4
Feb-81,1981,14.7,149.2,134.5,159.2,233.5
Mar-81,1981,15.5,146.7,131.2,155.5,231.6
Apr-81,1981,16.4,155,138.6,161.5,227
May-81,1981,16,162.3,146.3,170.8,230.3
Jun-81,1981,15.4,165.2,149.8,174.4,234.8
Jul-81,1981,15.6,164.2,148.6,176,238.8
Aug-81,1981,15.6,159.1,143.5,169.7,238.6
Sep-81,1981,15.6,159.1,143.5,169.4,239.7
Oct-81,1981,15.1,149.2,134.1,158.8,237.4
Nov-81,1981,14.6,146.6,132,156.5,234.9
Dec-81,1981,14.1,143.3,129.2,155.2,234
Jan-82,1982,13.9,146.3,132.4,159.8,232.9
Feb-82,1982,13.9,154.3,140.4,165.2,234
Mar-82,1982,14.5,160,145.5,170.2,233
Apr-82,1982,15.1,167.5,152.4,178.6,236.3
May-82,1982,15.6,176,160.4,187.1,242.3
Jun-82,1982,15.1,170.1,155,181,250.3
Jul-82,1982,15,159,144,168,247.5
Aug-82,1982,15,157,142,165.4,242.7
Sep-82,1982,14.4,147.6,133.2,157.4,241.9
Oct-82,1982,13.8,143.1,129.3,153,234.6
Nov-82,1982,13.4,142.6,129.2,152.7,233.1
Dec-82,1982,12.7,142.5,129.8,152.7,231.7
Jan-83,1983,12.7,144.7,132,154.7,232.9
Feb-83,1983,12.9,148.9,136,158.5,234.6
Mar-83,1983,13.4,156.1,142.7,165.5,234.1
Apr-83,1983,15,166.6,151.6,176.5,240.3
May-83,1983,15,163.4,148.4,171.6,242.5
Jun-83,1983,14.7,158.6,143.9,167.4,240
Jul-83,1983,15.1,151.4,136.3,160.2,237.9
Aug-83,1983,16.6,147.8,131.2,154.6,234.5
Sep-83,1983,15.9,141.9,126,149.8,230.7
Oct-83,1983,15.6,143.2,127.6,149.5,227.9
Nov-83,1983,16.4,143.7,127.3,149.7,227.2
Dec-83,1983,16.3,155.4,139.1,163.3,226.4
Jan-84,1984,17.3,164.1,146.8,171.6,235.2
Feb-84,1984,17.6,162.8,145.2,167.5,239.8
Mar-84,1984,17.8,166.7,148.9,170.7,240.4
Apr-84,1984,18.6,164.9,146.3,168.3,240.6
May-84,1984,20,158.6,138.6,161.7,237.8
Jun-84,1984,18.4,155.9,137.5,159,235.6
Jul-84,1984,17.7,159.3,141.6,163.5,232.3
Aug-84,1984,18,155.8,137.8,158.5,233.1
Sep-84,1984,18,150.4,132.4,153.4,231.2
Oct-84,1984,17.4,148.3,130.9,150.4,230.9
Nov-84,1984,16.6,157.1,140.5,161.3,232.6
Dec-84,1984,16.2,159.4,143.2,164.6,236.2
Jan-85,1985,15.5,155.9,140.4,161.8,235.6
Feb-85,1985,15,152.8,137.8,158.9,234.6
Mar-85,1985,14.3,144.6,130.3,150.8,234.5
Apr-85,1985,15.2,142.8,127.6,146.3,232.8
May-85,1985,14.6,140.6,126,146.4,230.4
Jun-85,1985,13.6,137.1,123.5,144.5,228.1
Jul-85,1985,13.7,128.3,114.6,135,226.7
Aug-85,1985,14.1,126.7,112.6,131.9,221.7
Sep-85,1985,13.9,125.6,111.7,133.7,219.8
Oct-85,1985,14.9,143.1,128.2,149.7,220.4
Nov-85,1985,16.2,155,138.8,163.8,226
Dec-85,1985,15.9,154,138.1,162.6,232.9
Jan-86,1986,15.5,144.5,129,152.6,232.9
Feb-86,1986,14.9,136.5,121.6,143.1,228.5
Mar-86,1986,14.5,134.9,120.4,141,226.4
Apr-86,1986,14.4,131.2,116.8,137.8,223.1
May-86,1986,14.7,135.7,121,142.8,222.9
Jun-86,1986,14.3,128.2,113.9,138.4,222.7
Jul-86,1986,15.4,140.9,125.5,146.9,223.5
Aug-86,1986,14.8,143.6,128.8,149.3,226.3
Sep-86,1986,14.5,144.1,129.6,149.5,227.1
Oct-86,1986,15.4,144.9,129.5,150.9,227.3
Nov-86,1986,15.7,150.5,134.8,156,229.8
Dec-86,1986,16.2,145.2,129,150.1,230.8
Jan-87,1987,16.4,142.8,126.4,147.5,232.6
Feb-87,1987,17.1,149.5,132.4,151.4,229.6
Mar-87,1987,17.3,151.4,134.1,153.6,229.6
Apr-87,1987,18.9,163.4,144.5,166.1,232.8
May-87,1987,19.7,171.4,151.7,176,239.3
Jun-87,1987,19.2,168.7,149.5,173.5,245.2
Jul-87,1987,19.1,159,139.9,163.8,244
Aug-87,1987,19.4,156.5,137.1,157,241.2
Sep-87,1987,19.6,158,138.4,159.5,241.3
Oct-87,1987,20,157.9,137.9,159.2,241.5
Nov-87,1987,20,156.9,136.9,156.8,242.4
Dec-87,1987,20.5,156,135.5,155.4,241.1
Jan-88,1988,21.3,158.8,137.5,159.3,238.8
Feb-88,1988,21.9,166,144.1,163.3,242.1
Mar-88,1988,23.5,173.1,149.6,169.6,244.3
Apr-88,1988,23.3,176.7,153.4,172.6,245.9
May-88,1988,22.4,181.9,159.5,183,248.9
Jun-88,1988,21.1,170.1,149,174.2,255.5
Jul-88,1988,21.1,159.9,138.8,159.2,254.9
Aug-88,1988,21.5,165.3,143.8,165.7,253.4
Sep-88,1988,19.7,166.3,146.6,169.1,255.3
Oct-88,1988,19.5,169.1,149.6,171.1,253.4
Nov-88,1988,19.1,171.4,152.3,171.8,256
Dec-88,1988,18.9,173.7,154.8,174.1,255.6
Jan-89,1989,18.8,175.4,156.6,175.2,259.2
Feb-89,1989,19.3,177.7,158.4,176.3,258.2
Mar-89,1989,21.1,185.7,164.6,180.5,264.7
Apr-89,1989,19.8,184.8,165,182.7,265.3
May-89,1989,19.1,180.9,161.8,182.3,266.7
Jun-89,1989,19.1,172.8,153.7,176.3,268.9
Jul-89,1989,19.9,171.1,151.2,174.2,269.7
Aug-89,1989,20.2,175.9,155.7,173.7,268.2
Sep-89,1989,20,166.8,146.8,169.6,266.2
Oct-89,1989,20.7,172.8,152.1,169.5,265
Nov-89,1989,21,180.8,159.8,177.1,266.4
Dec-89,1989,21.7,186.6,164.9,183.8,269.4
Jan-90,1990,21.8,189.4,167.6,187.1,274.4
Feb-90,1990,21.5,188.7,167.2,186,271
Mar-90,1990,21.1,190.4,169.3,187.7,272.5
Apr-90,1990,21.2,192,170.8,190.1,277.9
May-90,1990,20.7,187.9,167.2,191.6,283.6
Jun-90,1990,20.4,184.2,163.8,187,282.1
Jul-90,1990,20.1,180.6,160.5,182.4,279.9
Aug-90,1990,19.9,186.6,166.7,187.1,280.6
Sep-90,1990,20.1,186.8,166.7,186.6,280.6
Oct-90,1990,19.8,190.8,171,192.2,282.7
Nov-90,1990,19.8,194.5,174.7,197.6,291.6
Dec-90,1990,20.1,194.8,174.7,199.4,295.3
Jan-91,1991,20.5,190.7,170.2,192.6,294.9
Feb-91,1991,19.8,190.9,171.1,189.6,292.5
Mar-91,1991,19.2,194.7,175.5,193.4,295.4
Apr-91,1991,19,194.3,175.3,194.1,297.1
May-91,1991,18.3,188.3,170,190.9,296.1
Jun-91,1991,17.9,178.8,160.9,186.1,292.4
Jul-91,1991,17.2,173.4,156.2,178.8,288.4
Aug-91,1991,16.3,161.4,145.1,172.2,285.4
Sep-91,1991,16.5,163.3,146.8,170.8,280.1
Oct-91,1991,17.1,166.9,149.8,174.5,277.2
Nov-91,1991,18,170.5,152.5,175.1,281
Dec-91,1991,18.1,167.3,149.2,171.8,279.4
Jan-92,1992,18.3,173.5,155.2,176.6,278.7
Feb-92,1992,18.4,184.1,165.7,184.6,282.5
Mar-92,1992,18.6,187.1,168.5,183.3,285.6
Apr-92,1992,18.5,186.8,168.3,182.6,287.6
May-92,1992,18.6,182.7,164.1,183.4,285.8
Jun-92,1992,18.1,177.5,159.4,180.8,287.1
Jul-92,1992,18.7,175.6,156.9,173.6,283.8
Aug-92,1992,18.7,177.7,159,175.8,280.1
Sep-92,1992,19.5,179.1,159.6,175.9,284.1
Oct-92,1992,20,180.1,160.1,177.5,285.6
Nov-92,1992,20.6,180.1,159.5,177.1,287.1
Dec-92,1992,20.9,186,165.1,184.2,287.3
Jan-93,1993,20.7,190.9,170.2,188.5,288.4
Feb-93,1993,20,192.7,172.7,187.8,292.5
Mar-93,1993,20,198.7,178.7,191.7,295.5
Apr-93,1993,19.8,197,177.2,193.5,299.1
May-93,1993,19.1,194.6,175.5,195.3,304.2
Jun-93,1993,18.8,184.6,165.8,185.2,297.9
Jul-93,1993,19.3,176.9,157.6,175.9,296.7
Aug-93,1993,19.4,179.5,160.1,179.4,290.9
Sep-93,1993,19.2,175.4,156.2,176.3,288.4
Oct-93,1993,19.3,170.3,151,171.6,288.5
Nov-93,1993,19.3,171.4,152.1,174.2,291
Dec-93,1993,19.5,171.8,152.3,170.6,288.2
Jan-94,1994,19.2,173.6,154.4,172.4,286.8
Feb-94,1994,19.2,174.7,155.5,172.7,284.9
Mar-94,1994,19.6,180.2,160.6,176.9,288.3
Apr-94,1994,19.9,180.7,160.8,176.8,287.1
May-94,1994,19,164.8,145.8,167.6,288.1
Jun-94,1994,19,152.9,133.9,158.5,283.3
Jul-94,1994,19.5,156.7,137.2,160.4,280.1
Aug-94,1994,20,160.8,140.8,166.6,278.4
Sep-94,1994,21.4,158.2,136.8,162,280
Oct-94,1994,21.9,158.7,136.8,159.2,277.9
Nov-94,1994,22.8,164.5,141.7,163.8,280.2
Dec-94,1994,23.7,165.7,142,164.3,279.4
Jan-95,1995,23.7,173.7,150,171.7,282.6
Feb-95,1995,23.3,174.6,151.3,170.4,284.3
Mar-95,1995,23.2,169.5,146.3,165.7,284.7
Apr-95,1995,22.8,162.2,139.4,158.5,283.7
May-95,1995,21.1,154,132.9,160.4,282.2
Jun-95,1995,20.1,154.2,134.1,165.6,283.4
Jul-95,1995,19.9,149,129.1,158.5,287.4
Aug-95,1995,19.9,149.5,129.6,157.8,284.4
Sep-95,1995,19.3,152.7,133.4,162.6,283.5
Oct-95,1995,19.4,153.7,134.3,165.5,285.3
Nov-95,1995,20.7,162.1,141.4,167,286.4
Dec-95,1995,20.4,158.9,138.5,162.8,284.1
Jan-96,1996,20,153.4,133.4,156.2,281.5
Feb-96,1996,19.7,150.8,131.1,152.2,278.8
Mar-96,1996,19.8,149.8,130,148.4,275.8
Apr-96,1996,19.6,144.1,124.5,147.9,279.3
May-96,1996,19.9,142.7,122.8,149,276.6
Jun-96,1996,19.9,147.8,127.9,154.6,276.3
Jul-96,1996,22,153.6,131.6,155.6,277.6
Aug-96,1996,23.6,160.8,137.2,159.9,281.1
Sep-96,1996,25.3,169,143.7,161.8,280.7
Oct-96,1996,23.9,170.4,146.5,167,281.9
Nov-96,1996,22.1,173.2,151.1,180,285.9
Dec-96,1996,22.9,161.6,138.7,165.3,287.3
Jan-97,1997,23.7,157.9,134.2,155.9,281.7
Feb-97,1997,23.9,156.8,132.9,151.5,278.6
Mar-97,1997,24,164,140,160.5,276.1
Apr-97,1997,23.3,164.2,140.9,159.8,279
May-97,1997,21.7,162.4,140.7,162.5,280.3
Jun-97,1997,20.7,153.9,133.2,156.1,277.6
Jul-97,1997,20.2,154.9,134.7,157.1,279.2
Aug-97,1997,20.4,158.4,138,161.2,281
Sep-97,1997,21.4,159.2,137.8,159.4,283
Oct-97,1997,22.2,160.4,138.2,158.7,279
Nov-97,1997,22,161.5,139.5,160.2,278
Dec-97,1997,20.9,157.4,136.5,155.6,280.9
Jan-98,1998,17.4,153.2,135.8,154.2,275.3
Feb-98,1998,17.7,145.7,128,148.5,272
Mar-98,1998,19.2,149.1,129.9,147,273.1
Apr-98,1998,18.7,155.1,136.4,151.6,278.2
May-98,1998,18.7,155.8,137.1,157,277.4
Jun-98,1998,18,152.8,134.8,154.5,278.7
Jul-98,1998,16.3,144.9,128.6,154,278.5
Aug-98,1998,15.9,142,126.1,160.6,279.4
Sep-98,1998,15.4,140,124.6,153.2,274.2
Oct-98,1998,15.9,146.8,130.9,156.4,275
Nov-98,1998,16.2,147.7,131.5,158.1,280
Dec-98,1998,16.7,142.2,125.5,150.4,283.6
Jan-99,1999,15.9,146,130.1,156.3,279.1
Feb-99,1999,15.7,148.5,132.8,153.7,278
Mar-99,1999,15.4,155.3,139.9,160.3,276.9
Apr-99,1999,15.2,156.3,141.1,166.1,283.9
May-99,1999,14.6,154.2,139.6,171.3,283.2
Jun-99,1999,14.5,156.6,142.1,178.1,287.2
Jul-99,1999,15.4,154,138.6,171.5,289.3
Aug-99,1999,15.7,156.1,140.4,175.8,289
Sep-99,1999,16.8,157.7,140.9,177.3,289.4
Oct-99,1999,17.5,165.9,148.4,183.1,295.4
Nov-99,1999,18.1,167.8,149.7,180.5,300
Dec-99,1999,18.2,166.1,147.9,181.8,301.8
Jan-00,2000,17.5,163.5,146,177.5,294.7
Feb-00,2000,17.1,163.6,146.5,174.5,293.6
Mar-00,2000,17.2,171.4,154.2,183.3,297.9
Apr-00,2000,17.3,176.2,158.9,191,305.4
May-00,2000,16.8,170.1,153.2,193.8,308.8
Jun-00,2000,16.4,165.7,149.2,190.7,311.5
Jul-00,2000,17.3,162,144.7,179.6,310
Aug-00,2000,17.9,156.4,138.5,172.6,309.9
Sep-00,2000,19.3,155.8,136.6,168.6,313
Oct-00,2000,19.7,163.3,143.6,174.4,311.8
Nov-00,2000,19.9,172.3,152.4,182.8,310.3
Dec-00,2000,20.4,183.8,163.5,197.6,310.1
1-Jan,2001,20.5,188.2,167.7,202.5,321.4
1-Feb,2001,19.8,190.8,171,201.5,334.2
1-Mar,2001,20.7,190.7,170,202.7,334.3
1-Apr,2001,22.1,186.9,164.8,201.7,343.2
1-May,2001,20.4,180.1,159.7,204.3,343.8
1-Jun,2001,19.7,177.4,157.7,198.3,347.6
1-Jul,2001,19.4,170,150.7,185.9,345.4
1-Aug,2001,18.7,167.4,148.7,188.1,339.3
1-Sep,2001,17.6,164.5,146.9,186.6,337.6
1-Oct,2001,17.2,159.5,142.3,180.4,338
1-Nov,2001,16.4,152.7,136.3,174.3,337.6
1-Dec,2001,15.6,153.4,137.8,177.3,330.3
2-Jan,2002,15.5,160.9,145.4,175.2,330.8
2-Feb,2002,15.9,171,155.1,188.2,330.5
2-Mar,2002,17.3,172.9,155.6,188.6,329.8
2-Apr,2002,16.3,161.9,145.6,182.8,333.5
2-May,2002,16,157.4,141.4,180.7,333.5
2-Jun,2002,16.9,155.5,138.6,178.7,330
2-Jul,2002,16.6,152,135.4,172.4,328.9
2-Aug,2002,16.9,151.8,134.9,174,334.5
2-Sep,2002,17.8,157.1,139.2,175.4,329.4
2-Oct,2002,17.8,157.3,139.5,175.2,325.8
2-Nov,2002,18.1,168.5,150.4,182.2,334
2-Dec,2002,18.3,174.9,156.6,191.1,337.8
3-Jan,2003,18.9,187.1,168.3,200.4,339.7
3-Feb,2003,19.5,192.4,172.9,200.8,348
3-Mar,2003,19.3,185.8,166.4,197.1,356.8
3-Apr,2003,18.9,189.9,171,207.2,364.8
3-May,2003,17.3,189.7,172.4,219.9,361.4
3-Jun,2003,16.8,183.6,166.8,219.4,365.6
3-Jul,2003,18.3,181.9,163.7,202.8,365.4
3-Aug,2003,19.1,192.5,173.4,217.6,373.5
3-Sep,2003,19.7,210.9,191.2,242.6,370.9
3-Oct,2003,21.5,237.5,216,271.5,393.3
3-Nov,2003,24.4,241.6,217.2,257.4,431.7
3-Dec,2003,24.6,220.7,196.1,237,424.3
4-Jan,2004,21,193.1,172.1,212.8,400.5
4-Feb,2004,19.9,189.3,169.4,198.5,398.9
4-Mar,2004,20.3,205.6,185.3,218.2,397.1
4-Apr,2004,18.4,206,187.6,244.1,405.7
4-May,2004,18.4,210.3,192,241.3,405.5
4-Jun,2004,19.9,213.8,194,229.6,417.3
4-Jul,2004,20.8,203.1,182.3,216.3,417.9
4-Aug,2004,20,202.1,182.1,213.9,411.3
4-Sep,2004,19.9,198.4,178.5,207.5,408.2
4-Oct,2004,19,204,184.9,212.7,402.1
4-Nov,2004,20.1,207,186.9,208.5,405.7
4-Dec,2004,19.6,209.8,190.2,222.9,408.1
5-Jan,2005,18.9,215.1,196.2,231.4,408.5
5-Feb,2005,19.3,212.9,193.7,222.4,412.8
5-Mar,2005,19.6,218.4,198.8,233.6,421.4
5-Apr,2005,19.7,221,201.3,243.4,425.5
5-May,2005,19,214.4,195.3,242.9,426.1
5-Jun,2005,19.9,202.2,182.3,217.5,418.4
5-Jul,2005,19.4,193.1,173.7,204.5,399.3
5-Aug,2005,19.1,194,174.9,207.1,399.2
5-Sep,2005,19.9,204.1,184.2,214.7,392.4
5-Oct,2005,19.6,211.5,191.9,224.3,397.6
5-Nov,2005,19.8,217.7,197.8,231,401.9
5-Dec,2005,19.8,231.6,211.8,244.2,406
6-Jan,2006,19.8,227,207.1,241.3,406.9
6-Feb,2006,19.3,215.6,196.3,232.4,405.9
6-Mar,2006,18.6,206.5,187.8,226.4,401.1
6-Apr,2006,17.6,196.5,178.9,220.8,402
6-May,2006,16.6,189.7,173.2,229.3,395.1
6-Jun,2006,17.1,198,180.9,237.8,392.1
6-Jul,2006,17.9,195,177.1,228.4,387.8
6-Aug,2006,19.1,203.4,184.3,227.2,397.6
6-Sep,2006,20.6,216.7,196,224.9,392.6
6-Oct,2006,20.6,213.1,192.6,225,394.7
6-Nov,2006,21.4,209.4,188,222.9,396.3
6-Dec,2006,21.8,207.1,185.3,221.6,392.1
7-Jan,2007,22,209.6,187.6,230.9,394
7-Feb,2007,22.9,215.9,193,231.5,405
7-Mar,2007,23.7,231.7,208,246,418.4
7-Apr,2007,24,234.4,210.4,251.9,428.5
7-May,2007,24.7,231.1,206.4,246.9,429.7
7-Jun,2007,25.5,214.9,189.5,224.4,421.5
7-Jul,2007,25.5,216.3,190.7,218.1,414.3
7-Aug,2007,25.2,221.4,196.1,222.9,415.9
7-Sep,2007,25.9,227,201.1,226.6,422.7
7-Oct,2007,26.1,222.4,196.3,222,413
7-Nov,2007,26.8,225,198.2,223.6,415.9
7-Dec,2007,25.4,222.3,196.9,228.1,411.3
8-Jan,2008,26.3,220.9,194.6,224.8,410
8-Feb,2008,27.6,219.8,192.2,228.8,418.6
8-Mar,2008,28.2,214.6,186.4,220.7,420.5
8-Apr,2008,26.9,214.1,187.2,225.9,417.2
8-May,2008,26.6,225.5,198.9,239.3,424.1
8-Jun,2008,28.3,229.4,201.1,243.1,429.6
8-Jul,2008,29.5,236.6,207.1,255.2,434
8-Aug,2008,29.5,237.5,208,248.3,452.6
8-Sep,2008,29.5,236.7,207.2,244.3,450.9
8-Oct,2008,26.1,220.2,194.1,228.5,451.1
8-Nov,2008,20.2,218.3,198,237.5,443.3
8-Dec,2008,15.7,204.2,188.5,224.1,437.5
9-Jan,2009,16.4,199.6,183.2,228.4,432.3
9-Feb,2009,17.2,196.3,179.1,211,436.8
9-Mar,2009,15.7,197.5,181.8,209.4,430
9-Apr,2009,16.1,208.1,192,223.1,427.3
9-May,2009,17.2,203.3,186.1,225.2,433.5
9-Jun,2009,19.1,196.5,177.5,215.9,427.7
9-Jul,2009,19.2,198.7,179.6,215.4,417.9
9-Aug,2009,22.5,198.8,176.3,218.5,421.6
9-Sep,2009,22.9,202.7,179.8,216.9,413.2
9-Oct,2009,21,203.1,182.2,212.1,414.5
9-Nov,2009,22.6,202.7,180.1,216.9,430.4
9-Dec,2009,23.1,197.2,174,213.4,428.1
10-Jan,2010,22.9,204,181.2,220.4,417.3
10-Feb,2010,24.6,215.7,191.1,221,418.6
10-Mar,2010,25.3,228,202.6,239.5,430.4
10-Apr,2010,25.5,236.8,211.3,257.1,443.6
10-May,2010,25.6,236.8,211.2,259.2,445.7
10-Jun,2010,27.1,235.2,208.1,240.5,447.2
10-Jul,2010,26,223.6,197.6,237.7,441.5
10-Aug,2010,26.9,231.8,204.9,240.9,435.3
10-Sep,2010,27.2,233.7,206.5,244.7,441.8
10-Oct,2010,29.6,236.9,207.4,239.5,447.8
10-Nov,2010,30,239.2,209.2,243.9,448.8
10-Dec,2010,31.4,247.9,216.6,248.5,443
11-Jan,2011,32.6,254.5,221.9,256.9,452.1
11-Feb,2011,33.7,260.6,226.9,259.1,458.3
11-Mar,2011,34.8,277.4,242.6,278,472.5
11-Apr,2011,36.1,287.5,251.4,286,479.4
11-May,2011,34.8,264.7,229.9,270.6,483.7
11-Jun,2011,34.5,257.2,222.7,267.4,478
11-Jul,2011,35.5,266.4,230.9,270.9,476.7
11-Aug,2011,35.1,272.7,237.6,275.6,486.8
11-Sep,2011,36.1,282,245.8,278.2,491.4
11-Oct,2011,29.6,288.8,259.2,282.4,493.3
11-Nov,2011,32.9,296.4,263.4,293.9,500.1
11-Dec,2011,32.7,290.3,257.6,290.8,501.6
12-Jan,2012,34.2,295.5,261.3,284.7,509.3
12-Feb,2012,35.5,301.7,266.2,290.1,504.5
12-Mar,2012,37.2,304.3,267.1,290.1,505.3
12-Apr,2012,36.4,290.9,254.5,279.3,498.6
12-May,2012,35.6,290.6,255,293,496.5
12-Jun,2012,32.8,286.3,253.6,300.4,493.2
12-Jul,2012,33.9,277.3,243.4,282.3,501.3
12-Aug,2012,35.4,288.6,253.3,284.5,494.5
12-Sep,2012,36.3,300.2,263.9,292.4,494.1
12-Oct,2012,34.9,301.9,267,296.3,500.4
12-Nov,2012,33.7,302.7,269,297.1,510.9
12-Dec,2012,34.2,301.2,267,296.9,507.8
13-Jan,2013,35.4,299.3,263.8,292,520.6
13-Feb,2013,37.6,300.3,262.8,280.4,517.9
13-Mar,2013,37.2,303.6,266.5,295.4,526.3
13-Apr,2013,38.4,305.9,267.5,291.4,522.4
13-May,2013,35.4,305.9,270.5,313.7,522.6
13-Jun,2013,36.8,301.5,264.7,304.8,527.4
13-Jul,2013,36.7,284.7,248,290.3,533.1
13-Aug,2013,35.4,288,252.6,294.2,535.1
13-Sep,2013,36.2,300.4,264.2,296.1,529.4
13-Oct,2013,35.1,309.6,274.4,309.8,535.5
13-Nov,2013,37.8,315.3,277.5,308.6,540.9
13-Dec,2013,39,317.3,278.2,305,536
14-Jan,2014,43.1,340.2,297.1,337.8,534.6
14-Feb,2014,40,350.4,310.4,327.7,557.5
14-Mar,2014,39.4,359.6,320.2,364.1,572
14-Apr,2014,41.7,353.3,311.6,348.2,587.1
14-May,2014,39.7,344.5,304.9,348.3,591.3
14-Jun,2014,39.5,358.5,319,360.3,591.7
14-Jul,2014,39.5,378.4,338.9,385.1,595.1
14-Aug,2014,40.5,377,336.5,388.2,624
14-Sep,2014,42.5,387.5,345.1,375.6,625.6
14-Oct,2014,42,395,353,377.3,624.1
14-Nov,2014,43.3,410.3,367,386.4,630.3
14-Dec,2014,41.2,391.5,350.3,377.5,631
15-Jan,2015,38.8,394.5,355.7,388.8,633.3
15-Feb,2015,37.9,383.7,345.8,368.9,627
15-Mar,2015,37.5,389.8,352.3,378.4,630.9
15-Apr,2015,34.8,387.6,352.8,393.6,640.2
15-May,2015,33.8,385.7,351.9,397.6,641.2
15-Jun,2015,31.8,362.8,331.1,382.4,640.6
15-Jul,2015,30.2,357.1,326.8,365.6,636.5
15-Aug,2015,30.9,358.8,327.9,369.8,632.8
15-Sep,2015,29.3,326.5,297.2,348.8,623
15-Oct,2015,28,320.2,292.2,325.9,623.1
15-Nov,2015,26.3,308,281.7,324,620.9
15-Dec,2015,26.2,299.3,273,309.5,597.2
16-Jan,2016,24.9,322.9,297.9,349.9,597.5
16-Feb,2016,26.5,324.1,297.6,333.7,598.6
16-Mar,2016,27.5,327.3,299.8,343.8,622.3
16-Apr,2016,28.4,313.8,285.4,334.4,610.5
16-May,2016,27.7,312.5,284.8,332,608.1
16-Jun,2016,26.4,295.3,268.9,336.3,620
16-Jul,2016,27,281.9,255,312,609
16-Aug,2016,26.9,279.8,252.9,305.4,591.5
16-Sep,2016,25.6,253,227.4,288.3,586.8
16-Oct,2016,25.6,244.1,218.5,280.2,573.7
16-Nov,2016,27.7,262.4,234.7,285.9,576.4
16-Dec,2016,27.4,272.4,245,299.5,562.2
17-Jan,2017,29.6,288.3,258.7,298.1,566.2
17-Feb,2017,30.4,291.7,261.2,293.5,584
17-Mar,2017,28.1,303.6,275.5,331.4,590.4
17-Apr,2017,29.5,313.8,284.3,327.5,593.3
17-May,2017,27,330.3,303.3,371.5,614
17-Jun,2017,26,316.1,290.1,373.6,620.7
17-Jul,2017,27,285.5,258.5,324.7,610
17-Aug,2017,25.3,266.5,241.1,304.6,597
17-Sep,2017,24.3,257.1,232.8,295.5,578.2
17-Oct,2017,23.9,270.9,247,304.9,575.5
17-Nov,2017,24.9,292.4,267.5,320.6,580.7
17-Dec,2017,25.6,287.2,261.7,311.7,580.3
18-Jan,2018,25.5,294,268.6,319.1,575.8
18-Feb,2018,25.4,306.5,281,327.5,582.8
18-Mar,2018,23.8,299.4,275.6,342.2,587.1
18-Apr,2018,22.1,288.3,266.2,335.2,606
18-May,2018,21.2,288.8,267.6,351.5,596.4
18-Jun,2018,19.9,262.9,243,338.7,597.8
18-Jul,2018,21.4,269,247.6,316.3,602
18-Aug,2018,20.8,266,245.2,320.7,608.2
18-Sep,2018,20.9,264.7,243.9,316.1,593.5
18-Oct,2018,20.9,270.9,250,319.3,584
18-Nov,2018,21.6,280.7,259.1,328.7,591.1
18-Dec,2018,21.4,286.8,265.4,327.3,583.3
19-Jan,2019,22,295.8,273.8,329.5,586
19-Feb,2019,22.1,299.2,277.1,333.7,590
19-Mar,2019,21.7,305.4,283.8,348.4,606.8
19-Apr,2019,21,300.1,279.1,352.8,610.2
19-May,2019,19,279,260,342.5,617.3
19-Jun,2019,17.9,261.7,243.8,339,614.7
19-Jul,2019,19.6,268.8,249.2,329.1,614.7
19-Aug,2019,18.1,254,235.9,352.3,607.4
19-Sep,2019,17.8,240.9,223.2,338.9,600.6
19-Oct,2019,18.8,259.2,240.4,336.5,589.2
19-Nov,2019,18.7,273.6,254.9,362.3,606.5
19-Dec,2019,21.5,288.5,267,332.8,609
20-Jan,2020,22.7,296.4,273.7,324.5,605.9
20-Feb,2020,22.5,284.5,262,317.8,604.5
20-Mar,2020,18.5,269.5,251,348.9,604.6
20-Apr,2020,13.9,248.3,234.4,402,644.4
20-May,2020,8.8,258,249.1,638.6,758.5
20-Jun,2020,14.5,249.4,234.9,370,755.8
20-Jul,2020,15.1,228.9,213.9,311.3,683.8
20-Aug,2020,17.1,258.7,241.6,331.7,649.2
20-Sep,2020,16.9,249.9,233,336.7,637.1
20-Oct,2020,18.8,257.2,238.4,322.9,635.4
20-Nov,2020,18.1,263.7,245.6,348.8,634.1
20-Dec,2020,20,264.1,244.1,332.9,629.3
21-Jan,2021,21.6,270,248.4,330.6,640.7
21-Feb,2021,21.6,273.5,251.9,359.3,641.4
21-Mar,2021,22.9,274.2,251.3,355.8,648.2
21-Apr,2021,21.8,287.6,265.8,421.5,675.5
21-May,2021,20.7,284,263.3,480.8,696.2
21-Jun,2021,21.4,288.6,267.1,487.4,746.5
21-Jul,2021,25.8,284.9,259.1,414,752.9
21-Aug,2021,24.8,291.2,266.3,486.5,763.9
21-Sep,2021,26,296.8,270.8,483.6,787.1
21-Oct,2021,30.4,298.9,268.5,428.3,790.1
21-Nov,2021,32.5,320.4,288,428.5,785.4
21-Dec,2021,32.3,332.2,300,402,766.3
